Stress(MPa),Strain(%)
0,0
1.27,0.00823
3.55,0.023
5.83,0.0379
7.86,0.051
9.88,0.0642
12.2,0.079
14.2,0.0922
16.2,0.105332456
18.2,0.118499013
20.3,0.131665569
22.6,0.146477946
24.6,0.159644503
26.9,0.17445688
29.1,0.189269256
31.2,0.202435813
33.5,0.21724819
35.5,0.230414747
37.5,0.243581303
39.5,0.25674786
41.6,0.269914417
43.8,0.284726794
45.9,0.297893351
48.2,0.312705727
50.4,0.327518104
52.5,0.340684661
54.7,0.355497038
56.8,0.368663594
58.8,0.381830151
61.1,0.396642528
63.1,0.409809085
65.1,0.422975642
67.4,0.437788018
69.7,0.452600395
71.7,0.465766952
74,0.480579329
76,0.493745885
78.1,0.506912442
80.3,0.521724819
82.4,0.534891376
84.4,0.548057933
86.4,0.56122449
88.7,0.576036866
91,0.590849243
93.3,0.605661619
95.3,0.618828176
97.6,0.633640553
99.6,0.64680711
102,0.659973667
104,0.673140224
106,0.686306781
108,0.699473338
110,0.715931534
112,0.729098091
115,0.743910467
117,0.757077024
119,0.771889401
121,0.785055958
123,0.798222515
125,0.811389072
127,0.824555629
129,0.837722186
132,0.854180382
134,0.867346939
136,0.882159315
138,0.895325872
140,0.910138249
142,0.923304806
144,0.936471363
146,0.94963792
148,0.962804477
151,0.977616853
153,0.99242923
155,1.005595787
157,1.020408163
159,1.03522054
161,1.048387097
163,1.061553654
166,1.074720211
168,1.087886768
170,1.101053325
172,1.115865701
174,1.130678078
176,1.143844635
178,1.158657011
181,1.173469388
183,1.186635945
185,1.199802502
187,1.212969059
189,1.226135616
191,1.240947992
193,1.255760369
195,1.268926926
198,1.283739302
200,1.296905859
202,1.311718236
204,1.324884793
206,1.33805135
208,1.351217907
210,1.364384463
212,1.37755102
214,1.392363397
217,1.407175774
219,1.42198815
221,1.435154707
223,1.449967084
225,1.463133641
227,1.476300197
229,1.489466754
231,1.502633311
233,1.515799868
236,1.532258065
238,1.545424621
240,1.560236998
242,1.573403555
245,1.588215932
247,1.601382488
249,1.614549045
251,1.627715602
253,1.640882159
255,1.655694536
257,1.670506912
259,1.683673469
262,1.698485846
264,1.713298223
266,1.726464779
268,1.739631336
270,1.754443713
272,1.76761027
274,1.780776827
276,1.793943384
279,1.80875576
281,1.823568137
283,1.838380513
285,1.85154707
287,1.866359447
289,1.879526004
291,1.891046741
294,1.905859118
295,1.917379855
298,1.932192232
300,1.947004608
302,1.960171165
304,1.974983542
306,1.989795918
308,2.002962475
310,2.016129032
313,2.029295589
315,2.042462146
317,2.055628703
319,2.07044108
321,2.085253456
323,2.098420013
325,2.11323239
328,2.128044766
330,2.141211323
332,2.15437788
334,2.167544437
336,2.182356814
338,2.193877551
340,2.208689928
342,2.223502304
345,2.238314681
347,2.253127057
349,2.266293614
351,2.279460171
353,2.294272548
352.0186912,2.307439105
351.4025067,2.320605662
349.9388642,2.333772219
349.2417748,2.346938776
348.2684648,2.361751152
346.4991817,2.376563529
346.0260108,2.391375905
344.5827988,2.404542462
344.0671325,2.419354839
344.2608138,2.432521396
343.7042864,2.445687953
343.7614919,2.45885451
343.2793316,2.472021066
343.169824,2.486833443
343.1011774,2.5
342.8151502,2.514812377
343.3234615,2.529624753
342.6615126,2.54279131
342.8682695,2.555957867
343.6184782,2.570770244
342.8682695,2.582290981
342.7693858,2.595457538
342.344431,2.610269914
342.5683495,2.625082291
342.833129,2.638248848
342.5683495,2.653061224
342.8903345,2.667873601
342.6124794,2.681040158
343.2049645,2.694206715
344.450409,2.709019092
344.3605148,2.722185648
344.7960935,2.735352205
345.3330075,2.748518762
346.1559489,2.763331139
347.1088284,2.778143515
347.5689237,2.792955892
347.9056187,2.806122449
348.2905297,2.820934826
348.898542,2.834101382
349.8113777,2.847267939
349.690429,2.860434496
349.586642,2.873601053
349.9723702,2.88676761
350.1243733,2.901579987
350.504381,2.916392363
350.5468765,2.93120474
350.4251106,2.944371297
350.8173766,2.959183673
351.0919628,2.97235023
352.1461776,2.985516787
352.0407561,2.998683344
351.6296941,3.011849901
351.910818,3.025016458
352.1682426,3.039828835
352.7868788,3.054641211
353.0663683,3.069453588
352.3488484,3.082620145
352.6438651,3.097432521
352.1903076,3.110599078
352.5997352,3.123765635
352.2744813,3.136932192
351.6403179,3.150098749
352.0472939,3.164911126
351.9263452,3.178077683
352.2303514,3.192890059
352.6463168,3.207702436
352.3643756,3.220868993
352.8906658,3.235681369
352.780341,3.248847926
353.6956283,3.262014483
353.6318851,3.27518104
353.1497248,3.288347597
353.6564017,3.303159974
353.8607069,3.31797235
354.5430863,3.331138907
354.6329806,3.345951284
353.4823337,3.359117841
353.4275799,3.373930217
353.4733443,3.387096774
353.6874561,3.400263331
353.4145044,3.415075708
353.0222384,3.426596445
353.8435453,3.441408822
354.2725862,3.456221198
354.4442026,3.471033575
355.1110548,3.485845951
354.8863191,3.499012508
355.4297709,3.512179065
355.9053935,3.526991442
355.6986366,3.538512179
355.3946304,3.551678736
355.1135065,3.564845293
355.4739009,3.57965767
355.1372059,3.594470046
355.0424083,3.607636603
355.8065097,3.62244898
355.1151409,3.635615537
355.6675822,3.650427913
355.5221169,3.66359447
355.4959658,3.676761027
355.4828903,3.689927584
355.104517,3.703094141
356.0614826,3.717906517
356.5632562,3.732718894
356.7855403,3.745885451
357.6109333,3.760697828
357.243184,3.775510204
357.3118305,3.788676761
358.1257825,3.803489138
357.9239289,3.815009875
357.8005286,3.829822251
357.5757928,3.841342989
358.3178294,3.857801185
358.5025213,3.870967742
357.9100362,3.885780118
357.9672416,3.898946675
356.9203817,3.913759052
354.9680412,3.926925609
353.5133881,3.941737986
351.4425505,3.954904542
350.9121742,3.968071099
350.6980623,3.981237656
351.547972,3.996050033
352.1837698,4.010862409
352.491862,4.024028966
353.4668065,4.038841343
353.5526147,4.0520079
353.479882,4.066820276
354.4115138,4.079986833
354.0503022,4.09315339
354.0167961,4.106319947
354.2987373,4.119486504
354.9459762,4.134298881
356.1652697,4.147465438
356.3499616,4.162277814
356.6073862,4.177090191
356.5256641,4.190256748
356.5305674,4.203423305
357.3731221,4.218235681
356.984125,4.231402238
356.5395568,4.244568795
356.5983967,4.257735352
356.9269195,4.272547729
357.5055119,4.287360105
357.9672416,4.300526662
358.2450967,4.315339039
358.5000696,4.330151415
358.0865559,4.343317972
358.6806754,4.356484529
357.7915391,4.369651086
356.7307865,4.382817643
356.8231325,4.3959842
356.6384406,4.410796577
355.1944113,4.425608953
353.2755768,4.44042133
351.8822153,4.453587887
351.9794646,4.468400263
352.1862215,4.48156682
353.5264636,4.494733377
353.8827719,4.507899934
353.6588534,4.521066491
354.3608461,4.534233048
354.8201242,4.550691244
355.0693766,4.563857801
355.6896472,4.578670178
355.441212,4.591836735
355.7975203,4.606649111
355.485342,4.619815668
355.8220369,4.632982225
355.370931,4.646148782
355.0293327,4.659315339
355.5776879,4.672481896
355.9625989,4.687294273
356.1317636,4.702106649
356.6449783,4.716919026
356.0990748,4.730085583
356.3900054,4.744897959
356.9972005,4.758064516
357.4197037,4.771231073
356.9988349,4.78439763
356.7814542,4.797564187
357.5145013,4.810730744
357.9435422,4.82718894
357.7719258,4.840355497
358.5728023,4.855167874
358.0334365,4.868334431
358.3219155,4.883146807
358.8849806,4.896313364
359.1056302,4.909479921
359.2216756,4.922646478
359.1710079,4.935813035
359.6490821,4.948979592
359.8092574,4.965437788
359.8999689,4.978604345
360.610951,4.993416722
359.637641,5.008229098
359.4815518,5.021395655
359.959626,5.034562212
359.4504974,5.047728769
358.6479866,5.060895326
357.6591494,5.074061883
358.1413097,5.088874259
357.8422068,5.103686636
357.1402141,5.116853193
357.3183683,5.131665569
356.4382214,5.146477946
356.7634753,5.159644503
357.7784636,5.17281106
357.487533,5.185977617
357.3494227,5.199144174
356.7839059,5.212310731
357.2350118,5.227123107
357.0854603,5.241935484
355.0775488,5.255102041
352.7738032,5.269914417
351.1009522,5.284726794
351.7678044,5.297893351
353.1456387,5.311059908
353.0418517,5.324226465
353.7046178,5.337393022
353.9514185,5.350559579
354.4662676,5.365371955
354.7808976,5.380184332
353.9023852,5.394996708
354.0789049,5.408163265
353.3262445,5.422975642
353.1701553,5.436142199
354.2529729,5.449308756
353.5656902,5.462475313
353.3434062,5.47564187
353.3066312,5.488808427
353.6719289,5.503620803
353.7969637,5.51843318
353.2183714,5.533245556
351.7522772,5.548057933
350.2894519,5.56122449
349.7696994,5.574391047
350.700514,5.587557604
350.8590548,5.60236998
350.8770337,5.615536537
351.3698178,5.628703094
352.0317667,5.643515471
352.9143652,5.658327847
353.7046178,5.671494404
353.9775695,5.686306781
354.3910833,5.699473338
354.7392193,5.712639895
355.8220369,5.727452271
355.5686985,5.738973009
355.0293327,5.752139566
355.2409929,5.766951942
355.2785851,5.781764319
355.5270202,5.794930876
355.9470717,5.809743252
355.1927769,5.822909809
355.5360096,5.837722186
355.5580746,5.850888743
356.5436429,5.8640553
356.4071671,5.877221856
355.8808768,5.890388413
356.5109541,5.90520079
356.7397759,5.920013167
357.4131659,5.933179724
357.9762311,5.9479921
357.6575149,5.961158657
358.1176103,5.975971034
358.0268987,5.989137591
358.4894457,6.002304147
358.0955453,6.017116524
357.0208999,6.028637261
356.6139239,6.043449638
355.7362288,6.058262014
356.1407531,6.071428571
356.5853212,6.087886768
356.2249268,6.101053325
356.6694949,6.114219882
357.221119,6.127386438
357.2570767,6.140552995
357.3935526,6.155365372
356.787992,6.168531929
357.3821115,6.181698486
357.2652489,6.196510862
356.4112532,6.211323239
355.3970821,6.226135616
352.8620631,6.239302172
352.1927592,6.252468729
352.4191294,6.267281106
352.5931974,6.280447663
352.6177141,6.29361422
352.6152624,6.305134957
353.7242311,6.319947334
354.4442026,6.33475971
354.908384,6.347926267
355.7599282,6.362738644
355.0914415,6.37755102
355.218928,6.390717577
355.6871955,6.403884134
355.3554038,6.417050691
355.1061515,6.430217248
354.2390802,6.443383805
354.7629187,6.458196182
354.5390002,6.473008558
353.9685801,6.487820935
353.916278,6.502633311
353.3327823,6.515799868
353.1145843,6.528966425
353.7005317,6.543778802
353.2559635,6.555299539
353.1832309,6.570111916
352.4787865,6.583278473
353.0818955,6.598090849
353.5705935,6.612903226
353.7487477,6.626069783
354.3673839,6.640882159
353.8982991,6.655694536
353.8631586,6.668861093
354.6534111,6.68202765
354.0167961,6.695194207
354.0020861,6.708360764
353.7422099,6.721527321
354.0895288,6.736339697
354.5496241,6.751152074
354.4066105,6.76596445
354.5545274,6.779131007
354.0658294,6.793943384
353.3785466,6.807109941
353.5812174,6.820276498
350.993079,6.833443055
348.8895526,6.846609612
347.9538348,6.859776169
347.7143891,6.874588545
348.1891944,6.889400922
348.2071732,6.902567479
348.5659332,6.917379855
348.632128,6.932192232
348.8715738,6.943712969
349.9895319,6.958525346
349.8399804,6.971691903
349.7100423,6.98485846
350.2338809,6.998025016
350.726665,7.012837393
351.4270233,7.02764977
351.7326639,7.042462146
351.7302122,7.055628703
351.6819962,7.07044108
351.574123,7.083607637
352.2524163,7.096774194
351.6207046,7.10994075
350.6694596,7.123107307
351.1099416,7.137919684
351.40741,7.151086241
351.7988588,7.165898618
352.0889722,7.180710994
351.7964071,7.193877551
351.9001942,7.208689928
351.6713723,7.221856485
352.2148242,7.235023041
351.596188,7.248189598
351.0396606,7.261356155
351.3828934,7.276168532
351.3428496,7.290980908
351.5545097,7.305793285
351.8977425,7.318959842
351.2505036,7.333772219
351.4360127,7.346938776
351.3918828,7.360105332
352.0211428,7.373271889
351.5634992,7.386438446
351.618253,7.399605003
351.8936564,7.41441738
352.0407561,7.429229756
351.9524963,7.442396313
352.3292351,7.45720869
351.7547289,7.470375247
351.981099,7.485187623
352.0603694,7.49835418
352.2630402,7.511520737
351.8912047,7.524687294
351.7089645,7.537853851
352.3799028,7.552666228
352.9454196,7.567478604
352.8555253,7.580645161
353.2927385,7.595457538
352.39543,7.608624095
352.5866597,7.623436471
352.7492866,7.636603028
352.4983998,7.649769585
351.4842288,7.664581962
350.504381,7.676102699
350.74873,7.690915076
350.74873,7.705727452
350.1766754,7.720539829
350.8549687,7.733706386
349.9740047,7.748518762
349.9478536,7.761685319
350.6980623,7.776497696
350.3393024,7.789664253
350.2052782,7.80283081
349.7983022,7.815997367
350.3793462,7.829163924
351.0045201,7.84562212
350.7421922,7.858788677
351.5079282,7.873601053
350.537887,7.88676761
350.1832132,7.901579987
349.2197098,7.914746544
345.8805455,7.927913101
346.4133735,7.941079658
348.1720327,7.954246215
351.385345,7.969058591
353.2404363,7.982225148
354.0592916,7.997037525
355.511493,8.011849901
355.6504206,8.025016458
356.1121503,8.038183015
357.3363471,8.052995392
357.3821115,8.064516129
357.6419877,8.079328506
357.9239289,8.092495063
358.6912993,8.107307439
359.2437406,8.122119816
359.4178086,8.135286373
359.8648284,8.150098749
359.6662437,8.163265306
360.1884479,8.176431863
361.1764678,8.19124424
360.633016,8.204410797
360.5905205,8.217577354
360.8659239,8.23074391
361.3897625,8.245556287
361.7836629,8.260368664
362.0410875,8.273535221
362.1530467,8.288347597
361.9307627,8.303159974
362.3450936,8.316326531
362.9416648,8.329493088
362.5804532,8.342659645
362.4505151,8.355826201
362.6548203,8.368992758
362.8485017,8.383805135
363.0707857,8.398617512
363.5594838,8.413429888
363.2848976,8.426596445
363.3135003,8.441408822
363.4385351,8.454575379
364.2443148,8.467741935
363.8765655,8.480908492
363.456514,8.494075049
363.8087361,8.507241606
364.1495172,8.522053983
364.3693496,8.536866359
364.6472047,8.551678736
364.0767846,8.564845293
364.1299039,8.57965767
364.1274523,8.592824226
364.8694888,8.605990783
364.6954207,8.61915734
364.1740339,8.632323897
364.715034,8.645490454
364.9266942,8.660302831
365.2609376,8.675115207
365.7275707,8.689927584
364.9266942,8.703094141
365.0280296,8.717906517
365.0917729,8.731073074
365.9057248,8.744239631
365.6858924,8.757406188
365.2168076,8.770572745
365.6793546,8.783739302
365.9318759,8.800197498
365.943317,8.813364055
366.4777794,8.828176432
365.6458486,8.842988808
365.9604786,8.856155365
366.3478413,8.869321922
366.6256964,8.882488479
366.3192385,8.897300856
365.747184,8.908821593
366.3699062,8.92363397
366.594642,8.938446346
366.572577,8.953258723
367.0016179,8.968071099
366.480231,8.981237656
366.4892205,8.994404213
367.1160289,9.00757077
367.2083748,9.020737327
367.0481995,9.035549704
366.5063821,9.047070441
367.2263537,9.061882818
367.3693673,9.076695194
367.5033915,9.089861751
367.8229249,9.104674128
367.2484186,9.119486504
367.3121619,9.132653061
367.9218086,9.145819618
367.9790141,9.158986175
367.6243402,9.173798552
367.1356422,9.185319289
367.8556137,9.200131666
368.1465443,9.214944042
368.0272301,9.229756419
368.4963148,9.244568795
368.0337679,9.257735352
367.9373358,9.270901909
368.6875445,9.285714286
368.4758843,9.297235023
368.3900761,9.3120474
368.0623706,9.325213957
368.4521849,9.340026333
368.9474207,9.35319289
368.6172635,9.368005267
368.8967531,9.382817643
368.6458663,9.3959842
368.5224659,9.410796577
369.3650206,9.423963134
369.1713393,9.437129691
368.8199343,9.450296248
368.8199343,9.463462804
369.1124994,9.478275181
369.4974104,9.493087558
369.3674723,9.506254115
369.5725947,9.521066491
369.592208,9.535878868
369.4140538,9.549045425
370.1642626,9.562211982
369.7924271,9.575378539
369.5807669,9.588545095
369.6494134,9.601711652
369.7924271,9.616524029
370.221468,9.631336406
370.1332082,9.644502962
370.0653788,9.659315339
369.9575057,9.672481896
370.0825405,9.685648453
370.7959743,9.700460829
370.3538578,9.713627386
369.9705812,9.726793943
370.0760027,9.7399605
370.3554922,9.754772877
370.6635845,9.769585253
370.6554123,9.78439763
370.5933035,9.797564187
370.454376,9.812376564
370.5140331,9.82554312
371.5290214,9.838709677
371.013355,9.851876234
370.4527415,9.865042791
370.8621692,9.878209348
371.2291013,9.893021725
371.4227826,9.907834101
371.5175803,9.922646478
371.3925455,9.935813035
371.3508672,9.950625411
371.3198128,9.963791968
371.9024913,9.976958525
371.4824398,9.991770902
371.0844532,10.00329164
371.3770183,10.01810402
371.7161649,10.03291639
371.8346619,10.04772877
372.0814626,10.06089533
371.5290214,10.0757077
371.7529399,10.08887426
371.9752239,10.10204082
372.3037467,10.11520737
371.9204701,10.13001975
371.6981861,10.14154049
372.1607331,10.15635286
372.3691244,10.17116524
372.393641,10.1843318
372.870898,10.19914417
372.2310141,10.21231073
372.2726923,10.22712311
372.6837544,10.24028966
373.0694826,10.25345622
372.5979462,10.26662278
372.2882195,10.27978934
372.6862061,10.29460171
373.1217848,10.30941409
372.8185958,10.32258065
373.4674692,10.33739302
372.6093873,10.3522054
372.7172604,10.36537196
373.3841126,10.38018433
373.3579616,10.39170507
372.9567062,10.40651745
372.7630248,10.419684
373.289315,10.43285056
373.3947365,10.44766294
373.3931021,10.46247531
373.7600342,10.47728769
373.2786912,10.49045425
373.4257909,10.50526662
373.9079512,10.51843318
373.718356,10.53159974
373.7976264,10.54476629
373.3996398,10.55793285
373.7976264,10.57274523
374.1392247,10.5875576
373.9185751,10.60072416
374.4317898,10.61553654
373.9365539,10.63034891
374.2446462,10.64351547
374.636095,10.65668203
374.2732489,10.66984858
374.1915268,10.68301514
374.0991809,10.6961817
374.3304544,10.71099408
374.5331251,10.72580645
374.4162626,10.73897301
374.6998382,10.75378539
374.3108411,10.76859776
374.2381084,10.78176432
375.0259093,10.79493088
374.7684847,10.80809743
374.4644786,10.82126399
374.229119,10.83443055
374.8297763,10.84924292
374.9973066,10.8640553
375.1313308,10.87722186
375.3290982,10.89203423
374.9311117,10.90684661
374.9466389,10.92001317
375.8774534,10.93317972
375.5979639,10.94634628
375.0937386,10.95951284
375.0872009,10.97432521
375.4876391,10.98913759
375.868464,11.00230415
375.9150456,11.01711652
375.4287992,11.0319289
375.461488,11.04509546
375.4083687,11.05826201
376.042532,11.07307439
375.7671286,11.08624095
375.2939577,11.0994075
375.5366723,11.11257406
375.6371905,11.12738644
376.2468372,11.14219882
376.1373296,11.15536537
375.8880773,11.17017775
375.938745,11.18499013
375.9542722,11.19815668
376.5132512,11.21132324
376.1945351,11.2244898
375.8619262,11.23765635
376.4691213,11.25082291
376.4691213,11.26563529
376.6080488,11.27880184
377.030552,11.29361422
376.2141484,11.3084266
376.2362134,11.32159315
376.0842103,11.33475971
377.0264659,11.34957209
376.6897709,11.36273864
376.0490698,11.3759052
376.7183736,11.38907176
376.8965278,11.40388413
377.2242333,11.41869651
377.3035038,11.43350889
376.5336817,11.44667544
376.8041818,11.46148782
377.0133904,11.47465438
377.5298739,11.48782093
377.1515007,11.50098749
376.5794461,11.51415405
376.9913254,11.52732061
377.4293558,11.54213298
377.4334419,11.55694536
377.6737048,11.57175774
377.008487,11.58492429
377.3214826,11.59973667
377.4595929,11.61290323
377.8534934,11.62606978
377.3696987,11.64088216
377.1073708,11.6524029
377.4465174,11.66721527
377.9172366,11.68202765
377.8248907,11.69684003
378.0079481,11.71000658
377.5960688,11.72481896
377.5192501,11.73798552
378.1158213,11.75279789
378.0872185,11.76431863
377.9090644,11.77913101
377.6867803,11.79065174
377.9924209,11.80546412
378.2498455,11.8202765
378.1885539,11.83508887
378.5334211,11.84825543
377.9548288,11.86306781
378.0782291,11.87623436
378.621681,11.88940092
378.5489483,11.90256748
378.2392216,11.91573404
378.0234753,11.92890059
378.5407761,11.94371297
378.6878759,11.95852535
378.388773,11.97333772
378.9542898,11.9881501
378.355267,12.00131666
378.4279996,12.01448321
379.2468549,12.02929559
378.8594922,12.04246215
378.6592731,12.0556287
378.4786673,12.06879526
378.9281388,12.08360764
378.9493865,12.09842001
378.8047384,12.11158657
379.1348957,12.12639895
378.6412943,12.14121132
378.5710133,12.15437788
379.5794638,12.16754444
379.0531736,12.18071099
378.9060738,12.19387755
378.5579377,12.20704411
379.1871978,12.22185648
379.5042795,12.23666886
379.2713715,12.25148124
379.5328822,12.26464779
379.328577,12.27946017
379.4274607,12.29262673
380.2324232,12.30579329
379.5353339,12.31895984
379.2182522,12.3321264
379.5157206,12.34529296
379.8695772,12.36010533
379.8851044,12.37491771
379.8123717,12.38808427
379.8499639,12.40289664
379.6693581,12.41770902
379.8695772,12.43087558
380.3582752,12.44404213
380.0411936,12.45720869
379.609701,12.47037525
379.7306496,12.4835418
380.1956483,12.49835418
380.1825728,12.51316656
380.5544082,12.52797893
380.1670456,12.54114549
380.0256664,12.55595787
380.0697963,12.56912442
380.8028434,12.58229098
380.5233538,12.59545754
379.8695772,12.60862409
380.261026,12.62343647
380.4440834,12.63824885
380.3893296,12.6514154
380.7848645,12.66622778
380.2544882,12.68104016
380.3476514,12.69420671
380.3076075,12.70901909
380.9809975,12.72218565
380.6181515,12.73535221
380.1049368,12.74851876
380.4261046,12.76168532
380.6990563,12.7764977
380.875576,12.79131007
381.1926577,12.80612245
380.457159,12.81928901
380.8224567,12.83410138
380.7480896,12.84726794
381.3005309,12.86208032
380.8821138,12.87360105
380.5560427,12.88676761
380.9589326,12.90157999
381.0954084,12.91474654
381.2277982,12.93120474
381.5465143,12.9443713
380.8600488,12.95918367
381.0578163,12.97070441
381.3659085,12.98716261
381.6127092,12.99868334
381.2915414,13.0118499
380.9834492,13.02501646
381.3242303,13.03982883
381.478685,13.05628703
381.5089222,13.06780777
382.0417502,13.08426596
381.2449598,13.0957867
381.4451789,13.11059908
381.8570582,13.12541145
381.8570582,13.13693219
381.5555038,13.15009875
381.086419,13.16491113
381.6609252,13.17807768
381.7818739,13.19289006
381.5555038,13.20605662
381.9428664,13.22251481
381.5293527,13.23568137
381.4410928,13.25049375
382.1389994,13.2636603
382.004158,13.27682686
382.0172335,13.28999342
381.3994146,13.30315997
381.8129283,13.31632653
382.2182699,13.33278473
381.8701338,13.3475971
382.3808968,13.36076366
382.0066097,13.37557604
382.0662668,13.38874259
382.7216779,13.40190915
382.5124694,13.41672153
382.318788,13.42824226
382.152075,13.44140882
382.4953077,13.4562212
382.5835676,13.46938776
382.3588318,13.48420013
382.6840857,13.49901251
382.2158182,13.51217907
382.0090613,13.52534562
382.8189272,13.540158
382.5917398,13.55332456
382.1038589,13.56649111
382.2534104,13.57965767
382.6097186,13.59447005
382.8254649,13.60928242
382.536986,13.62244898
382.8957459,13.63726136
382.563137,13.65207373
382.466705,13.66524029
383.4964032,13.67840685
382.8932943,13.6915734
382.396424,13.70473996
382.6473108,13.71790652
382.9349725,13.73271889
383.0894273,13.74753127
382.9946296,13.76234365
383.3730029,13.7755102
382.8867565,13.79032258
382.8320027,13.80348914
383.6900846,13.81665569
383.1441811,13.82982225
382.6889891,13.84298881
382.8254649,13.85780118
383.0297701,13.87261356
383.2389787,13.88578012
383.2128276,13.9005925
383.3509379,13.91540487
383.2545059,13.92857143
383.2455164,13.94173799
383.8380015,13.95655036
383.502941,13.96971692
383.0763517,13.98123766
383.3403141,13.99605003
383.5013066,14.01086241
383.6018247,14.02402897
383.9965424,14.03884134
383.4195845,14.0520079
383.4236706,14.06682028
383.3819923,14.07998683
384.1256633,14.09315339
383.6704713,14.10631995
383.2169137,14.1194865
383.628793,14.13429888
383.909917,14.14911126
384.0668234,14.16227781
384.2335364,14.17709019
383.5470709,14.19190257
383.43266,14.20506912
383.6263414,14.2198815
384.1174911,14.23304806
383.7955061,14.24621461
383.4130467,14.25938117
383.628793,14.27254773
383.9965424,14.28736011
384.0668234,14.30217248
384.3749156,14.31698486
383.6042764,14.33015142
383.8551632,14.34496379
384.0447584,14.35813035
384.3700123,14.37129691
384.0161557,14.38610928
383.721139,14.39763002
384.1697932,14.4124424
384.2670425,14.42725477
384.1943098,14.44206715
384.7026212,14.45523371
384.1746965,14.47004608
384.1697932,14.48321264
384.6012858,14.4963792
384.8766892,14.50954575
385.0107134,14.52435813
383.8772281,14.53587887
384.5179293,14.55069124
384.665029,14.56550362
384.6560396,14.57867018
384.9224536,14.59348255
384.2776664,14.60829493
384.3193446,14.62146149
384.9886485,14.63627386
384.8783237,14.6477946
384.5154776,14.66260698
384.1174911,14.67412772
384.9028403,14.68894009
384.7688161,14.70375247
384.7688161,14.71856485
385.1406516,14.7317314
384.7794399,14.74654378
384.7974188,14.75971034
385.4046139,14.77452271
385.0613811,14.78604345
384.8717859,14.80085583
384.6143613,14.81402238
385.0809944,14.82883476
385.2861169,14.84364714
385.1381999,14.85681369
385.5803164,14.87162607
384.8701515,14.88643845
384.5971997,14.899605
385.4969598,14.91277156
385.1717059,14.92593812
384.7663644,14.93910467
384.6830079,14.95227123
385.0483056,14.96708361
385.5100354,14.98189598
385.1798782,14.99670836
385.3057302,15.00987492
385.2616002,15.02468729
384.9510563,15.03785385
385.9260008,15.05102041
385.246073,15.06418697
385.1431032,15.07735352
385.3098163,15.09052008
385.4552816,15.10533246
385.7854388,15.12014483
385.5762303,15.13331139
385.5721442,15.14812377
385.2722241,15.16293614
385.3539462,15.1761027
386.0338739,15.18926926
385.6930928,15.20243581
385.1823298,15.21560237
385.3433223,15.23041475
385.4242272,15.24522712
385.6448768,15.25839368
385.8426443,15.27320606
385.4552816,15.28801843
385.4511955,15.30118499
385.4373027,15.31435155
386.3378801,15.3275181
385.8099554,15.34068466
385.1847815,15.35385122
385.6244463,15.36866359
385.8115899,15.38347597
385.9374419,15.39828835
386.0583906,15.4114549
385.5410898,15.42626728
385.5386381,15.43943384
385.5370037,15.45424621
386.278223,15.46741277
385.941528,15.48057933
385.4266788,15.49374589
385.7241472,15.50691244
386.0248845,15.52172482
386.06738,15.5365372
386.3403317,15.55134957
385.8271171,15.56451613
385.8581714,15.57932851
385.6775656,15.59249506
386.2757713,15.60566162
385.7895249,15.61882818
385.5321003,15.63199473
385.8957636,15.64516129
386.0755522,15.65997367
386.1662637,15.67478604
386.4784421,15.68959842
385.7919766,15.70276498
385.9921957,15.71757735
386.163812,15.73074391
386.6394346,15.74391047
386.1531882,15.75707702
385.7413089,15.77024358
386.1662637,15.78341014
386.2937502,15.79986833
386.3182668,15.81303489
386.7579316,15.82784727
386.0869933,15.84265964
386.08209,15.8558262
386.6655856,15.86899276
386.7848999,15.88215932
386.4408499,15.89697169
386.0207984,15.90849243
386.3836444,15.92330481
386.6124663,15.93811718
386.3754722,15.95292956
386.9606024,15.96774194
386.1948664,15.98090849
386.1989525,15.99407505
387.0464105,16.00888743
386.592853,16.02205398
386.6328968,16.03522054
386.0869933,16.0483871
386.4898832,16.06155365
386.7644694,16.07801185
386.4261399,16.09117841
387.0725616,16.10599078
386.4849798,16.12080316
386.5266581,16.13396972
387.1853381,16.14713627
386.6901023,16.16030283
386.7138017,16.17346939
386.4016233,16.18663594
386.7848999,16.20144832
387.0529483,16.2162607
386.7710071,16.22942725
386.8486431,16.24423963
386.6173696,16.25740619
386.6394346,16.27221856
387.4092566,16.28538512
386.9230102,16.29855168
386.6990917,16.31171824
386.5626158,16.32488479
386.8461914,16.33969717
386.8837836,16.35450955
387.1166915,16.3676761
387.3283517,16.38248848
386.8020615,16.39730086
386.8568153,16.41046741
387.5040542,16.42363397
387.1673592,16.43680053
386.6851989,16.44996708
386.7473077,16.46313364
387.1918758,16.47794602
387.299749,16.49275839
387.195962,16.50757077
387.1322187,16.52073733
386.9581507,16.5355497
387.033335,16.54871626
387.6160135,16.56188282
387.3283517,16.57504937
386.7252428,16.58821593
386.9426235,16.60302831
387.0464105,16.61784068
387.5195814,16.63265306
387.5089575,16.64581962
387.2686946,16.66063199
387.2883079,16.67379855
387.1869725,16.68696511
387.7443171,16.70177749
387.6233684,16.71329822
386.8878697,16.72646478
387.1542837,16.74127716
387.4468487,16.75608953
387.8015226,16.76925609
387.9159335,16.78406847
387.1346704,16.79888084
387.3855572,16.8120474
387.2245647,16.82521396
387.8407492,16.83838051
387.5391947,16.85319289
386.9058486,16.86471363
387.4779031,16.879526
387.440311,16.89433838
387.6013035,16.90915076
387.7508549,16.92231731
387.2580707,16.93712969
387.4076221,16.95194207
387.3634922,16.96510862
388.0540438,16.97827518
387.5743352,16.99144174
387.0619377,17.00460829
387.5702491,17.01777485
387.6911978,17.03258723
387.7459516,17.04739961
387.9641495,17.06221198
387.2335541,17.07537854
387.4443971,17.09019092
387.6691328,17.10335747
387.9706873,17.11652403
387.4493004,17.13133641
387.0619377,17.14285714
387.6274546,17.15766952
387.6911978,17.1724819
387.7042733,17.18729427
388.0850982,17.20046083
387.4558382,17.21527321
387.5923141,17.22843976
388.0589472,17.24325214
388.1333142,17.25477288
387.732876,17.26958525
387.3283517,17.28110599
387.7704682,17.29591837
388.0810121,17.31073074
387.8056087,17.3238973
388.091636,17.33870968
387.662595,17.35187623
387.7614788,17.36668861
388.2150363,17.37985517
388.1774442,17.39302172
387.580873,17.40618828
387.4803548,17.41935484
387.7614788,17.43416722
388.1447553,17.44897959
387.9461707,17.46379197
388.2019608,17.47695853
387.8342114,17.4917709
387.7157144,17.50493746
388.6702283,17.51810402
388.2305635,17.53127057
388.0475061,17.54608295
387.7443171,17.55924951
387.8783413,17.57406188
388.3866527,17.58722844
388.1488414,17.60204082
388.3686738,17.61685319
388.0630333,17.63001975
387.8186842,17.64318631
388.694745,17.65799868
388.3229095,17.67116524
387.7745543,17.6843318
387.7287899,17.69749835
388.1292281,17.71231073
388.2215741,17.72712311
388.0475061,17.74028966
388.3956421,17.75510204
388.1382176,17.76991442
387.858728,17.78308097
388.8181453,17.79624753
388.3605016,17.80941409
388.0981738,17.82258065
388.0082795,17.8357472
388.2616179,17.85055958
388.532118,17.86372614
388.4634715,17.87853851
388.5337525,17.89335089
388.1733581,17.90651745
388.1864336,17.919684
388.8246831,17.93449638
388.5713446,17.94766294
388.1758097,17.96082949
388.0589472,17.97399605
388.5672585,17.98880843
388.4569337,18.0036208
388.6130229,18.01678736
388.9415457,18.02995392
388.4217932,18.04476629
388.4479443,18.05793285
388.9064052,18.07274523
388.4152554,18.08591178
387.9886662,18.09907834
388.0319789,18.1122449
388.3686738,18.12705727
388.5337525,18.14186965
388.9546212,18.15668203
388.2632524,18.16984858
388.217488,18.18466096
388.4332343,18.19782752
388.8222314,18.21099408
388.4855364,18.22416063
388.0654849,18.23732719
388.3760288,18.25049375
388.6571528,18.26695194
388.6792178,18.2801185
389.1262376,18.29493088
388.3032962,18.30974325
388.4193415,18.32290981
388.602399,18.33607637
389.0714838,18.34924292
388.7454127,18.36240948
388.265704,18.37557604
388.8925124,18.38874259
388.8050698,18.40520079
388.5272147,18.41836735
389.1237859,18.43317972
388.5035153,18.44634628
388.287769,18.46115866
388.694745,18.47432521
388.7257994,18.48749177
388.5868718,18.50065833
388.1292281,18.51382488
388.5231286,18.52699144
388.9415457,18.54344964
388.6334534,18.55661619
389.1940669,18.57142857
388.5272147,18.58624095
388.6440773,18.5994075
389.0641288,18.61257406
389.0494188,18.62574062
388.7781015,18.63890718
388.3490605,18.65207373
388.8353069,18.66688611
388.961159,18.68169849
388.8418447,18.69486504
389.2144974,18.70967742
388.5100531,18.7244898
388.939094,18.73765635
389.1483025,18.75246873
388.9129429,18.76398947
388.5231286,18.77880184
388.1006254,18.7919684
388.8712647,18.80513496
388.9211151,18.81994733
388.7364232,18.83475971
389.2079596,18.84957209
388.5999473,18.86273864
388.6465289,18.8759052
389.3746727,18.89071758
389.0142783,18.90388413
388.8116075,18.91705069
388.6048507,18.93021725
388.8843402,18.94502962
389.0600427,18.95819618
389.135227,18.97300856
389.183443,18.98782093
388.742961,19.00098749
388.6064851,19.01415405
389.5618163,19.02732061
389.0821076,19.04048716
388.9938478,19.05365372
388.6334534,19.0684661
388.8181453,19.08327847
389.0624943,19.09644503
388.9497179,19.11125741
389.0624943,19.12606978
388.7584882,19.13923634
388.8622752,19.1524029
389.5748918,19.16721527
389.2847784,19.17873601
388.813242,19.19354839
388.6882072,19.20671494
388.868813,19.22152732
389.2251213,19.2363397
389.3730383,19.24950625
389.1066243,19.26431863
389.0665804,19.27748519
388.9325562,19.29065174
389.5708057,19.30546412
389.1703675,19.31863068
388.8573719,19.33179724
388.7830048,19.34496379
388.961159,19.35977617
389.3681349,19.37458855
389.3656833,19.38940092
389.1327753,19.40256748
389.2798751,19.41737986
389.1589264,19.43054641
389.9843194,19.44371297
389.2602618,19.45687953
388.6130229,19.47004608
389.0404294,19.48321264
388.9636106,19.49802502
389.3705866,19.51283739
389.4081787,19.52600395
388.9235668,19.54081633
389.0976348,19.55398288
388.9480834,19.56879526
389.6827649,19.58196182
389.2161319,19.59512837
388.6571528,19.60829493
389.1327753,19.62146149
389.0714838,19.63627386
389.2667995,19.65108624
389.5732574,19.66589862
389.0510532,19.67906517
389.1147965,19.69387755
389.1107104,19.70704411
389.8502952,19.72021066
389.2823267,19.73337722
388.8402103,19.74654378
389.2733373,19.76135616
389.3730383,19.77616853
389.5070625,19.78933509
389.5732574,19.80414747
389.0273538,19.81895984
389.0641288,19.8321264
389.3133811,19.84529296
389.542203,19.85845951
389.0289883,19.87327189
388.7012827,19.88479263
389.1172481,19.899605
389.6345489,19.91441738
389.2471862,19.92922976
389.5708057,19.94239631
389.1858947,19.95720869
389.1589264,19.97037525
389.6590655,19.98518762
389.6631516,19.99670836
389.3109295,20.00987492
389.0976348,20.02304147
389.427792,20.03785385
389.6280112,20.05266623
389.3861138,20.06583278
389.5552785,20.08064516
389.0731182,20.09381172
389.3068434,20.10862409
389.9802333,20.12179065
389.379576,20.13495721
389.1147965,20.14812377
388.9652451,20.16129032
389.3305428,20.1761027
389.4032754,20.19091508
389.2251213,20.20572745
389.6214734,20.21889401
389.0690321,20.23370639
389.0183644,20.24687294
390.0039327,20.26168532
389.5838812,20.27320606
389.3419839,20.28801843
389.0142783,20.30118499
389.5552785,20.31599737
389.694206,20.32916392
389.4367815,20.3439763
389.808617,20.35714286
389.1654642,20.37195523
389.2431001,20.38512179
390.1297847,20.39993417
389.6280112,20.41310072
389.2292074,20.42626728
389.1924324,20.43943384
389.3877482,20.45424621
389.5748918,20.46905859
389.4081787,20.48222515
389.97533,20.49703752
389.2798751,20.5118499
389.0404294,20.52337064
390.0390732,20.53818302
389.6100323,20.55134957
389.1107104,20.56451613
389.2030563,20.57768269
389.6370006,20.59249506
389.7244432,20.60566162
389.520138,20.620474
389.6100323,20.63528637
389.2341107,20.64845293
389.2937678,20.66161949
389.8192408,20.67643186
389.4956214,20.6879526
389.1548403,20.70276498
389.1017209,20.71593153
389.6100323,20.73074391
389.5086969,20.74555629
389.5969568,20.75872284
389.5511924,20.77353522
389.5086969,20.7883476
389.3329944,20.80151415
390.0153738,20.81468071
389.520138,20.82784727
389.0624943,20.84101382
389.1965186,20.85418038
389.3861138,20.86899276
389.5160519,20.88380513
389.9516306,20.89861751
389.2627134,20.91178407
389.183443,20.92659645
389.2954023,20.939763
389.9075007,20.95292956
389.4188026,20.96609612
388.846748,20.97926267
389.0690321,20.99242923
389.2602618,21.00888743
389.3591455,21.02205398
389.9075007,21.03686636
389.1417648,21.05003292
389.2496379,21.06484529
389.2888645,21.07801185
389.7465082,21.09117841
389.4384159,21.10434496
389.0379777,21.11751152
389.4147165,21.13067808
389.4735564,21.14549045
389.6018601,21.16030283
390.0595038,21.17511521
389.2381968,21.18828176
389.2006047,21.20309414
389.4825458,21.2162607
389.7358843,21.22942725
389.2561757,21.24259381
388.8508341,21.25576037
389.3109295,21.26892693
389.4384159,21.28538512
389.1082587,21.29855168
389.8895218,21.31336406
389.1107104,21.32653061
389.3656833,21.34134299
389.7751109,21.35450955
389.7007438,21.3676761
389.3289083,21.38084266
388.9456318,21.39400922
389.3370805,21.40717577
389.6786788,21.42363397
389.4760081,21.43680053
389.808617,21.4516129
389.1196998,21.46642528
389.1965186,21.47959184
389.9099523,21.49275839
389.7465082,21.50592495
389.5242241,21.51909151
388.8728991,21.53225806
389.4588464,21.54707044
389.5487407,21.56188282
389.3656833,21.57504937
389.8502952,21.59150757
389.253724,21.60467413
389.4147165,21.61784068
390.0325355,21.63100724
389.4735564,21.6441738
389.5086969,21.65734036
389.1433992,21.67050691
389.5773435,21.68531929
389.7424221,21.70013167
389.7465082,21.71329822
389.7595837,21.7281106
389.157292,21.74292298
389.2006047,21.75608953
389.8658224,21.76925609
389.498073,21.78242265
389.2226696,21.7955892
388.9064052,21.80875576
389.3133811,21.82356814
389.4318782,21.83838051
389.4890836,21.85319289
389.7228088,21.86635945
389.3861138,21.88117182
389.3223706,21.89433838
389.96062,21.90750494
389.5577302,21.92067149
389.2365624,21.93383805
389.3771244,21.94865043
389.1965186,21.9634628
389.6827649,21.97662936
389.5356652,21.99144174
389.5070625,22.00460829
389.34607,22.01942067
389.1041726,22.03258723
389.8323164,22.04575379
389.5969568,22.05892034
389.035526,22.07373272
389.1638297,22.08689928
389.1858947,22.10171165
389.7710248,22.11652403
389.6280112,22.12969059
389.4800942,22.14450296
389.3656833,22.15766952
389.3150156,22.17083608
390.0039327,22.18564845
389.5266758,22.19716919
389.0249022,22.21033575
389.5928707,22.22514812
389.5046108,22.2399605
389.5928707,22.25312706
389.764487,22.26793943
389.1720019,22.28275181
389.1858947,22.29591837
389.1924324,22.30908492
389.8748118,22.32225148
389.4408676,22.33541804
388.8050698,22.3485846
389.3681349,22.36339697
389.3068434,22.37820935
389.4800942,22.39137591
389.5446546,22.40618828
389.2431001,22.42100066
389.3419839,22.43416722
389.1147965,22.44733377
389.905049,22.46050033
389.3877482,22.47531271
388.9064052,22.48683344
389.3681349,22.50164582
389.4735564,22.5164582
389.5136002,22.53127057
389.7489598,22.54608295
389.3289083,22.55924951
389.1744536,22.57241606
389.5242241,22.58722844
389.8257786,22.600395
389.2144974,22.61356155
388.7388749,22.62672811
389.324005,22.63989467
389.5086969,22.65470704
389.2602618,22.66951942
389.7448737,22.6843318
389.1107104,22.69749835
389.0289883,22.71231073
389.5511924,22.72547729
389.401641,22.73864384
389.1899808,22.7518104
389.0469671,22.76497696
389.4343298,22.77814352
389.5225897,22.79295589
389.2717029,22.80612245
389.6737755,22.82258065
389.0118266,22.8357472
389.0690321,22.84891376
389.8020792,22.86208032
389.3861138,22.87524687
389.1989702,22.89005925
389.0273538,22.90157999
389.1793569,22.91639236
389.4433192,22.93120474
389.4081787,22.94601712
389.5863329,22.96082949
388.9015018,22.97399605
388.9766861,22.98716261
389.856833,23.00197498
389.3615972,23.01349572
388.9497179,23.0283081
388.7323371,23.04147465
389.113162,23.05628703
389.1483025,23.07109941
389.1483025,23.08426596
389.4433192,23.09907834
389.0469671,23.1122449
388.8622752,23.12705727
389.6893027,23.14022383
389.1286892,23.15339039
388.961159,23.16655695
388.813242,23.1797235
389.035526,23.19453588
389.2447346,23.20934826
389.2210352,23.22416063
389.2913162,23.23732719
389.0714838,23.25213957
389.1221515,23.26530612
389.9581684,23.27847268
389.590419,23.29163924
389.1196998,23.30480579
389.0003856,23.31797235
389.0910971,23.33278473
389.4212543,23.3475971
389.3370805,23.36076366
389.1548403,23.37557604
388.7168099,23.38874259
389.0249022,23.40190915
389.6721411,23.41672153
389.1589264,23.42988808
388.742961,23.44305464
388.8001664,23.4562212
389.0910971,23.47103357
389.0624943,23.48584595
389.2095941,23.50065833
389.2431001,23.51382488
388.9987511,23.52863726
389.2006047,23.54180382
389.612484,23.55497038
389.1858947,23.56813693
388.8712647,23.58130349
389.0641288,23.59611587
389.1507542,23.61092824
389.3068434,23.6240948
389.3861138,23.63890718
388.6440773,23.65207373
388.9480834,23.66688611
388.9987511,23.68005267
389.4147165,23.69321922
389.0273538,23.7080316
388.4789987,23.71955234
388.6906589,23.73436471
388.939094,23.74917709
388.813242,23.76234365
389.4760081,23.77715602
388.694745,23.7919684
388.917029,23.80513496
388.9064052,23.81994733
389.3640488,23.83311389
388.8491997,23.84628045
388.6751317,23.85780118
388.7633915,23.87261356
389.1940669,23.88742594
389.1196998,23.9005925
389.4343298,23.91540487
388.694745,23.92857143
388.8818885,23.94338381
389.1017209,23.95655036
389.2888645,23.96971692
388.9636106,23.98288348
388.147207,23.99605003
388.580334,24.01086241
388.8353069,24.02567479
388.6816694,24.03884134
389.1989702,24.05365372
388.3670394,24.0684661
388.4855364,24.08163265
388.7781015,24.09479921
388.890878,24.10796577
388.6636906,24.12277814
388.2763279,24.13429888
388.5737963,24.14911126
388.6922933,24.16392363
388.7960803,24.17873601
389.1172481,24.19190257
388.3980938,24.20671494
388.5100531,24.2198815
389.1523886,24.23469388
388.9766861,24.24786043
388.5648068,24.26102699
388.1823475,24.27419355
388.6702283,24.28736011
388.7584882,24.3038183
388.7298855,24.31698486
389.1744536,24.33179724
388.798532,24.34496379
388.4046316,24.35977617
389.035526,24.37294273
388.6195606,24.38610928
388.3980938,24.39927584
388.1202387,24.4124424
388.6179262,24.42725477
388.7781015,24.44042133
388.4634715,24.45523371
388.7478643,24.47004608
388.4217932,24.48321264
388.2240258,24.4963792
388.8001664,24.51119157
388.6775833,24.52271231
388.3539639,24.53752469
388.2215741,24.55069124
388.3686738,24.56550362
388.8287692,24.580316
388.4969775,24.59348255
388.7674776,24.60829493
388.35805,24.62146149
388.3294472,24.63462804
389.1989702,24.64944042
388.8116075,24.66260698
388.2060469,24.67577354
388.3866527,24.68894009
388.4307826,24.70375247
388.6971966,24.71856485
388.4749126,24.7317314
388.6661422,24.74654378
388.3008445,24.76135616
388.0850982,24.77452271
388.8091559,24.78768927
388.2763279,24.80085583
387.8758897,24.81402238
388.1733581,24.82883476
388.4177071,24.84364714
388.3891044,24.85681369
388.4920742,24.87162607
388.3555983,24.88479263
388.2542629,24.899605
388.2240258,24.91277156
388.9701484,24.92593812
388.5476452,24.93910467
387.9175679,24.95227123
388.147207,24.96543779
388.3866527,24.98025016
388.3907388,24.99506254
388.6334534,25.00987492
388.1226904,25.02304147
388.0564955,25.03785385
388.3605016,25.05102041
388.6195606,25.06418697
388.1709064,25.07735352
387.7263383,25.09052008
387.8718036,25.10368664
388.2853173,25.11849901
388.0744743,25.13331139
388.4128038,25.14812377
387.7884471,25.16129032
387.7859954,25.1761027
387.8963202,25.18926926
388.3686738,25.20243581
387.9445362,25.21560237
387.5326569,25.22876893
387.7949848,25.2435813
388.1512931,25.25839368
388.0965393,25.27156024
388.4332343,25.28637261
387.5988518,25.30118499
387.8342114,25.31435155
388.091636,25.3275181
388.3515122,25.34068466
387.9551601,25.35549704
387.4076221,25.36701777
387.8979546,25.38183015
388.476547,25.39664253
387.7132627,25.4114549
388.239553,25.42626728
387.4729998,25.43943384
387.4754515,25.45260039
388.0720227,25.46741277
388.0720227,25.47893351
387.8742552,25.49374589
387.4157944,25.50526662
387.8170498,25.520079
387.7238866,25.53489138
387.6822083,25.54805793
388.147207,25.56287031
387.4999681,25.57768269
387.488527,25.59084924
388.0875499,25.6040158
387.8848791,25.61718236
387.558808,25.63199473
387.2335541,25.64351547
387.7377794,25.65832785
387.7639304,25.67314022
387.7394138,25.6879526
387.9796767,25.70111916
387.2360058,25.71593153
387.3790194,25.72909809
388.1839819,25.74226465
387.8096948,25.7554312
387.5457325,25.77024358
387.0398728,25.78341014
387.5898624,25.79822251
387.6585089,25.81138907
387.6233684,25.82620145
387.7394138,25.84101382
387.2686946,25.8558262
387.2932112,25.86899276
388.0033761,25.88215932
387.5964002,25.89532587
387.244178,25.90849243
387.0643894,25.92165899
387.4117083,25.93647136
387.5898624,25.95128374
387.5154953,25.9644503
387.6078413,25.97926267
387.4558382,25.99407505
387.2376402,26.00724161
387.9420846,26.02040816
387.6405301,26.03357472
387.3259001,26.04674128
386.9957428,26.05990783
387.0750133,26.07472021
387.3299862,26.08953259
387.5171297,26.10269914
387.3299862,26.11751152
387.1632731,26.1323239
387.0929921,26.14549045
387.68466,26.15865701
387.5391947,26.17182357
386.6835645,26.18499013
386.8396537,26.19815668
387.0619377,26.21296906
387.3013834,26.22778144
387.3169106,26.24259381
386.9426235,26.25576037
387.1126054,26.27057275
386.9892051,26.2837393
387.5988518,26.29855168
387.2400919,26.31007242
386.5732397,26.32323897
386.9033969,26.33805135
387.033335,26.35286373
387.321814,26.36603028
387.3169106,26.38084266
386.6435207,26.39565504
386.7162533,26.40882159
386.7824482,26.42198815
387.2580707,26.43844635
386.8396537,26.44996708
386.3950855,26.46313364
386.6614995,26.4763002
386.663134,26.49275839
387.0619377,26.50592495
387.0856371,26.51909151
386.452291,26.5355497
386.5601641,26.54871626
386.5601641,26.56188282
386.8682564,26.57504937
386.4980554,26.58986175
386.137661,26.60138249
386.5691536,26.61454905
386.6369829,26.62936142
386.6721234,26.64252798
386.8085993,26.65734036
386.3329768,26.67215273
386.2912985,26.68531929
386.4915176,26.69848585
386.929548,26.7116524
386.1989525,26.72646478
385.9480657,26.73798552
386.2831263,26.75279789
386.5446369,26.76761027
386.6655856,26.78242265
387.0308833,26.79723502
386.2185658,26.81040158
386.2651474,26.82356814
386.6173696,26.83838051
386.7865343,26.85154707
386.1417471,26.86471363
385.7723633,26.87788018
386.4187849,26.89104674
386.5291098,26.90750494
386.0207984,26.92067149
386.5626158,26.93548387
385.8933119,26.94865043
385.8647092,26.9634628
386.4171505,26.97662936
386.3550417,26.98979592
386.0207984,27.00296248
385.6228118,27.01612903
385.9374419,27.03094141
386.3223529,27.04575379
385.9088391,27.05892034
386.4057094,27.07373272
385.6971789,27.0885451
385.8802364,27.10171165
386.6083802,27.11487821
386.1572743,27.12804477
385.8843225,27.14121132
385.989744,27.15437788
385.8336548,27.16919026
385.9766685,27.18400263
385.8516337,27.19716919
386.0804555,27.21198157
385.6203602,27.22679394
385.4593677,27.2399605
386.4629149,27.25312706
385.6661246,27.26629361
385.3563979,27.27946017
385.3081818,27.29262673
385.6089191,27.3074391
385.7323194,27.32225148
385.6955445,27.33706386
385.7192439,27.35023041
385.386635,27.36504279
385.3694734,27.37820935
386.3574934,27.39137591
385.6620384,27.40454246
385.1341138,27.41935484
385.2019431,27.4325214
385.6113708,27.44733377
385.6007469,27.46050033
385.5541653,27.47531271
385.6955445,27.49012508
385.4087,27.50329164
385.1030594,27.5164582
385.8671609,27.53127057
385.4152378,27.54443713
384.9183675,27.55760369
384.9780246,27.57077024
385.1251244,27.58558262
385.3098163,27.600395
385.1512754,27.61520737
385.127576,27.62837393
384.9494219,27.64318631
385.0368645,27.65635286
385.4969598,27.66951942
385.1757921,27.68268598
384.8194838,27.69585253
384.9224536,27.70901909
385.0654672,27.72383147
385.0638328,27.73864384
385.3514945,27.7518104
384.687094,27.76662278
384.6960834,27.77978934
384.7067073,27.79295589
385.3008268,27.80776827
384.9624974,27.82093483
384.3544851,27.83410138
384.638878,27.84726794
384.9224536,27.86208032
384.6192647,27.87689269
384.883227,27.89170507
384.5661453,27.90487163
384.3700123,27.919684
384.4934127,27.93285056
384.835011,27.94601712
384.3177102,27.95918367
383.9720258,27.97235023
384.1722449,27.98551679
384.4010667,28.00197498
384.3814534,28.01514154
384.6339746,28.02995392
383.6614818,28.04312047
383.817571,28.05793285
384.3790017,28.07109941
384.4386589,28.08426596
383.9540469,28.09907834
383.5470709,28.11059908
383.9344336,28.12541145
384.3087207,28.14022383
383.9564986,28.15503621
384.3062691,28.16820276
383.7301284,28.18301514
383.6745574,28.1961817
384.1943098,28.21099408
384.035769,28.22251481
383.5936525,28.23732719
383.188311,28.24884793
383.6459547,28.2636603
383.5380815,28.27847268
383.3533896,28.29163924
383.8551632,28.30645161
383.1360089,28.32126399
383.2961841,28.33443055
383.6222552,28.3475971
383.5315437,28.36076366
383.3207008,28.37557604
382.8916598,28.38709677
383.1425466,28.40190915
383.3868956,28.41672153
382.9635753,28.4315339
383.4105951,28.44634628
382.8058516,28.45951284
382.7944105,28.47267939
383.5274576,28.48749177
383.1114922,28.49901251
382.9047354,28.51382488
382.5745781,28.52699144
383.1114922,28.54180382
382.7020646,28.55661619
382.4977594,28.56978275
382.8164755,28.58459513
382.4005101,28.5994075
382.3367669,28.61257406
383.0412112,28.62574062
382.4005101,28.63890718
382.1185689,28.65207373
382.0196852,28.66524029
382.2182699,28.68005267
382.3367669,28.69486504
382.3147019,28.70967742
382.2860992,28.72284398
381.8725854,28.73765635
382.0858801,28.75082291
382.640773,28.76398947
381.9976202,28.77715602
381.7426473,28.79032258
381.6151609,28.80348914
381.9673831,28.81830151
382.2354315,28.83311389
381.9690175,28.84628045
381.6960657,28.86109282
381.5595899,28.8759052
381.5865582,28.88907176
382.0245885,28.90223831
381.9273392,28.91540487
380.9548464,28.92857143
380.9965247,28.94173799
381.2384221,28.95655036
381.0185897,28.97136274
381.4517167,28.98617512
380.9769114,28.99934167
380.8069295,29.01415405
380.805295,29.02732061
381.2449598,29.04048716
380.9278782,29.05365372
380.3190486,29.06682028
380.583011,29.08163265
380.6859808,29.09644503
380.5143644,29.10961159
381.0406546,29.12442396
380.4506212,29.13923634
380.4440834,29.15404872
380.364813,29.16721527
380.849425,29.18038183
380.2634776,29.19354839
379.5966254,29.20671494
379.7110363,29.2198815
380.0125908,29.23469388
380.1891105,29.24950625
380.4661484,29.26431863
379.3081465,29.27748519
379.4184713,29.29229756
379.2444032,29.30546412
379.783769,29.31863068
379.328577,29.33179724
378.9804409,29.34496379
379.2689199,29.35813035
379.2247899,29.37294273
379.3081465,29.3877551
379.4887523,29.40256748
378.5538516,29.41573404
378.6372082,29.43054641
378.8594922,29.44371297
378.9166977,29.45687953
378.4876568,29.47004608
377.9531943,29.48321264
378.1109179,29.4963792
378.2277805,29.51283739
378.0300131,29.52600395
378.3045993,29.54081633
377.4579585,29.55398288
377.5944344,29.56879526
377.8804617,29.58196182
377.9858832,29.59512837
377.4685824,29.60829493
376.6848676,29.62146149
377.0044009,29.63627386
377.1433285,29.65108624
376.7379869,29.66589862
377.1515007,29.67906517
376.4323464,29.69387755
376.1504052,29.70704411
376.8769145,29.72185648
376.5483917,29.73502304
376.1659324,29.7481896
375.7434292,29.76135616
375.9959504,29.77452271
375.9673477,29.79098091
375.5824367,29.80414747
375.9828749,29.81895984
375.483553,29.83377222
375.2939577,29.84693878
375.6461799,29.86010533
375.509704,29.87327189
375.0038443,29.88643845
374.6164817,29.899605
374.8232385,29.91441738
374.8828957,29.92758394
374.5878789,29.94239631
374.7791086,29.95720869
374.0248138,29.97037525
373.9823183,29.98518762
374.4489514,29.99835418
373.8107019,30.01152074
373.6676883,30.02468729
373.2124963,30.03785385
373.3358966,30.05266623
373.3424344,30.0674786
373.067031,30.08064516
373.1087092,30.09545754
372.4753631,30.11026991
372.3560488,30.12343647
373.1724525,30.13660303
372.2686062,30.14976959
371.7243371,30.16293614
371.6695833,30.1761027
371.7071755,30.1925609
371.7161649,30.20572745
371.6189156,30.22053983
371.2446285,30.23370639
370.8180392,30.24851876
370.732231,30.26168532
371.1302176,30.2764977
370.4192355,30.28801843
370.0016356,30.30118499
369.9730329,30.31599737
369.7744482,30.33080974
369.6518651,30.34562212
369.4867865,30.35878868
369.1958559,30.37360105
368.9139147,30.38676761
368.4677121,30.39993417
369.1345643,30.41474654
368.5616925,30.4279131
367.582662,30.44107966
367.7943221,30.45424621
367.2288053,30.46905859
367.4224867,30.48222515
367.1380938,30.49703752
366.2031932,30.5118499
365.9539408,30.52501646
365.703054,30.53818302
366.0528246,30.55299539
365.3532835,30.56616195
364.3693496,30.57768269
364.470685,30.59249506
364.1250006,30.60730744
363.7932089,30.62211982
363.7245624,30.63693219
362.5207961,30.65009875
362.1930906,30.66491113
361.8939877,30.67807768
361.8343306,30.69124424
360.6411882,30.7044108
359.6531682,30.71757735
359.4504974,30.73074391
358.9184867,30.74555629
358.0890075,30.76036866
357.6199228,30.77518104
356.1807969,30.7883476
355.5270202,30.80315997
355.0979793,30.81632653
354.4817948,30.82949309
353.0492067,30.84430546
351.6378663,30.8558262
350.9628419,30.87063858
350.0385651,30.88545095
348.2382276,30.90026333
